ProductID,ProductName,Category,Region,Q1Sales,Q2Sales,Q3Sales,Q4Sales,UnitPrice,TotalSales
114,Tablet,Accessories,East,991,844,829,710,1299,3374
142,Phone,Accessories,South,656,906,870,727,599,3159
105,Mouse,Accessories,East,866,572,954,650,19,3042
119,Charger,Accessories,North,842,510,935,723,199,3010
116,Speaker,Electronics,West,790,458,809,863,19,2920
128,Tablet,Electronics,North,848,926,936,136,899,2846
144,Monitor,Electronics,East,745,486,863,724,299,2818
124,Charger,Accessories,South,833,918,500,403,199,2654
141,Monitor,Electronics,West,781,609,448,772,599,2610
143,Webcam,Accessories,East,673,485,759,686,599,2603
133,Speaker,Electronics,West,624,332,851,758,1299,2565
113,Keyboard,Accessories,East,653,727,783,397,79,2560
107,Tablet,Accessories,West,970,289,324,971,49,2554
123,Webcam,Accessories,East,999,324,222,996,1299,2541
102,Headphones,Electronics,North,104,739,741,919,599,2503
129,Mouse,Accessories,West,754,473,983,259,79,2469
104,Speaker,Electronics,North,602,447,665,739,79,2453
108,Mouse,Accessories,North,894,324,484,740,1299,2442
126,Laptop,Electronics,West,506,783,393,751,1299,2433
150,Keyboard,Electronics,East,897,212,963,326,49,2398
121,Speaker,Accessories,North,663,417,302,980,599,2362
109,Keyboard,Accessories,West,492,484,502,878,599,2356
112,Keyboard,Accessories,East,957,732,152,514,599,2355
118,Keyboard,Accessories,East,963,555,346,445,19,2309
120,Phone,Accessories,East,340,748,538,671,19,2297
136,Speaker,Electronics,South,798,929,300,230,79,2257
147,Phone,Accessories,North,719,724,610,203,1299,2256
117,Phone,Electronics,East,674,809,515,243,199,2241
101,Mouse,Electronics,East,868,430,101,810,1299,2209
134,Tablet,Accessories,East,259,791,243,915,199,2208
135,Mouse,Accessories,East,938,212,708,307,79,2165
139,Phone,Accessories,East,895,663,425,153,599,2136
125,Monitor,Accessories,North,584,333,866,353,1299,2136
145,Webcam,Accessories,North,895,212,502,519,79,2128
106,Webcam,Accessories,North,497,330,835,437,299,2099
110,Speaker,Accessories,West,306,476,737,572,49,2091
115,Charger,Accessories,North,560,358,771,362,299,2051
148,Headphones,Electronics,East,655,180,246,951,79,2032
127,Webcam,Accessories,East,330,763,379,552,1299,2024
131,Monitor,Electronics,South,640,707,297,332,1299,1976
130,Headphones,Accessories,West,270,771,709,108,19,1858
149,Mouse,Electronics,South,439,798,247,353,79,1837
103,Keyboard,Accessories,North,317,605,319,588,19,1829
140,Headphones,Electronics,West,677,367,563,219,599,1826
146,Speaker,Accessories,East,127,712,445,521,599,1805
137,Monitor,Accessories,West,342,596,223,503,599,1664
132,Tablet,Accessories,North,135,571,610,198,19,1514
122,Laptop,Accessories,South,195,776,283,101,299,1355
138,Mouse,Electronics,North,185,541,286,251,899,1263
111,Headphones,Accessories,West,114,382,229,250,49,975
